balls,strikes,outs,is_first_base,is_second_base,is_third_base,total_runs,count,average_runs,0 runs,1 runs,2 runs,3 runs,4 runs,5 runs,6 runs,7 runs,8 runs,9 runs,10 runs,11 runs,12 runs,13 runs
0,0,0,False,False,False,19942,40623,0.49090416758978905,29763,5772,2810,1286,572,231,119,45,12,10,2,0,0,0
0,0,0,False,False,True,366,264,1.3863636363636365,52,135,38,18,10,7,2,2,0,0,0,0,0,0
0,0,0,False,True,False,2359,2171,1.0865960386918472,851,750,309,147,60,29,14,7,4,0,0,0,0,0
0,0,0,False,True,True,963,470,2.048936170212766,66,118,147,69,39,16,6,5,1,2,0,1,0,0
0,0,0,True,False,False,8552,9592,0.8915763135946623,5645,1477,1288,636,316,131,58,23,6,9,2,0,0,0
0,0,0,True,False,True,1455,764,1.9044502617801047,92,318,140,107,51,32,11,6,1,4,2,0,0,0
0,0,0,True,True,False,3446,2316,1.487910189982729,888,494,364,279,166,73,27,13,8,3,0,0,0,0
0,0,0,True,True,True,1359,585,2.3230769230769233,71,166,117,90,77,32,20,8,0,2,0,0,0,1
0,0,1,False,False,False,7891,29687,0.26580658200559165,24959,2833,1131,459,176,77,36,14,2,0,0,0,0,0
0,0,1,False,False,True,1096,1139,0.9622475856014048,392,540,118,59,17,7,3,2,1,0,0,0,0,0
0,0,1,False,True,False,2558,3711,0.6893020749124226,2224,885,331,153,68,29,14,5,2,0,0,0,0,0
0,0,1,False,True,True,1517,1042,1.4558541266794627,301,264,305,95,45,19,9,3,1,0,0,0,0,0
0,0,1,True,False,False,6344,11920,0.5322147651006711,8743,1283,1118,469,189,68,31,16,3,0,0,0,0,0
0,0,1,True,False,True,2175,1778,1.2232845894263218,603,676,206,159,86,32,9,5,1,1,0,0,0,0
0,0,1,True,True,False,3720,4002,0.9295352323838081,2357,611,404,378,158,53,23,12,6,0,0,0,0,0
0,0,1,True,True,True,2051,1273,1.6111547525530243,411,353,181,115,126,50,26,7,4,0,0,0,0,0
0,0,2,False,False,False,2335,23638,0.09878162281072848,22030,1118,331,103,39,13,3,1,0,0,0,0,0,0
0,0,2,False,False,True,719,2018,0.3562933597621407,1513,359,100,33,7,4,1,1,0,0,0,0,0,0
0,0,2,False,True,False,1714,4935,0.34731509625126644,3826,720,244,97,31,12,4,1,0,0,0,0,0,0
0,0,2,False,True,True,736,1203,0.6118038237738986,868,70,178,53,22,9,3,0,0,0,0,0,0,0
0,0,2,True,False,False,2804,12230,0.2292722812755519,10678,710,566,180,69,18,7,2,0,0,0,0,0,0
0,0,2,True,False,True,1268,2481,0.5110842402257154,1788,362,167,111,35,12,3,3,0,0,0,0,0,0
0,0,2,True,True,False,2191,4919,0.4454157349054686,3826,509,231,237,85,19,10,2,0,0,0,0,0,0
0,0,2,True,True,True,1361,1656,0.8218599033816425,1093,167,175,92,95,21,9,3,1,0,0,0,0,0
0,1,0,False,False,False,9821,21364,0.4596985583224115,15982,2858,1410,644,287,93,56,21,7,5,0,0,0,0
0,1,0,False,False,True,174,137,1.27007299270073,29,75,17,7,3,5,0,1,0,0,0,0,0,0
0,1,0,False,True,False,1198,1090,1.0990825688073393,444,353,155,71,35,17,10,3,2,0,0,0,0,0
0,1,0,False,True,True,487,243,2.0041152263374484,42,56,75,37,16,7,6,1,1,1,0,1,0,0
0,1,0,True,False,False,3842,4629,0.8299848779434003,2843,671,579,301,135,61,22,10,2,3,2,0,0,0
0,1,0,True,False,True,646,352,1.8352272727272727,37,167,53,52,21,14,2,2,0,3,1,0,0,0
0,1,0,True,True,False,1633,1153,1.4163052905464006,476,226,186,127,82,33,9,7,5,2,0,0,0,0
0,1,0,True,True,True,659,304,2.1677631578947367,41,92,61,43,43,12,7,4,0,0,0,0,0,0
0,1,1,False,False,False,3625,15551,0.23310398045141792,13328,1349,538,215,73,31,12,4,1,0,0,0,0,0
0,1,1,False,False,True,548,597,0.9179229480737019,229,268,51,32,10,4,0,2,1,0,0,0,0,0
0,1,1,False,True,False,1198,1857,0.6451265481960151,1135,446,164,63,27,10,8,3,1,0,0,0,0,0
0,1,1,False,True,True,659,490,1.3448979591836734,165,115,140,41,15,7,4,2,1,0,0,0,0,0
0,1,1,True,False,False,2891,5864,0.4930081855388813,4406,593,517,213,87,23,14,10,1,0,0,0,0,0
0,1,1,True,False,True,912,812,1.1231527093596059,296,316,84,66,31,12,5,1,0,1,0,0,0,0
0,1,1,True,True,False,1702,1993,0.8539889613647768,1225,294,194,167,74,21,10,6,2,0,0,0,0,0
0,1,1,True,True,True,985,627,1.5709728867623605,206,178,90,51,61,22,15,2,2,0,0,0,0,0
0,1,2,False,False,False,976,12212,0.0799213887979037,11526,486,139,39,17,4,0,1,0,0,0,0,0,0
0,1,2,False,False,True,301,988,0.30465587044534415,770,165,34,11,5,3,0,0,0,0,0,0,0,0
0,1,2,False,True,False,781,2521,0.3097976993256644,2010,335,115,36,17,8,0,0,0,0,0,0,0,0
0,1,2,False,True,True,300,612,0.49019607843137253,476,31,67,24,9,3,2,0,0,0,0,0,0,0
0,1,2,True,False,False,1146,5928,0.19331983805668015,5288,300,227,74,29,6,4,0,0,0,0,0,0,0
0,1,2,True,False,True,548,1184,0.46283783783783783,879,169,66,43,21,4,0,2,0,0,0,0,0,0
0,1,2,True,True,False,838,2411,0.34757362090418914,1979,210,86,96,34,4,2,0,0,0,0,0,0,0
0,1,2,True,True,True,549,811,0.6769420468557337,582,63,77,37,42,7,3,0,0,0,0,0,0,0
0,2,0,False,False,False,4469,10861,0.41147224012521866,8382,1362,614,293,128,39,19,17,3,4,0,0,0,0
0,2,0,False,False,True,110,78,1.4102564102564104,14,44,9,4,1,5,0,1,0,0,0,0,0,0
0,2,0,False,True,False,501,537,0.9329608938547486,253,158,77,24,14,7,2,2,0,0,0,0,0,0
0,2,0,False,True,True,232,124,1.8709677419354838,22,29,36,26,8,2,0,0,0,0,0,1,0,0
0,2,0,True,False,False,1859,2466,0.7538523925385239,1580,342,284,156,66,24,6,4,3,1,0,0,0,0
0,2,0,True,False,True,344,202,1.702970297029703,28,92,31,31,10,5,3,2,0,0,0,0,0,0
0,2,0,True,True,False,764,583,1.3104631217838765,264,109,84,58,45,15,1,4,3,0,0,0,0,0
0,2,0,True,True,True,314,161,1.950310559006211,34,49,24,26,17,6,1,3,0,0,0,0,0,0
0,2,1,False,False,False,1648,8135,0.20258143822987093,7145,591,241,97,32,19,9,1,0,0,0,0,0,0
0,2,1,False,False,True,282,337,0.8367952522255193,147,138,30,11,7,3,0,0,1,0,0,0,0,0
0,2,1,False,True,False,541,1001,0.5404595404595405,657,216,81,30,13,3,1,0,0,0,0,0,0,0
0,2,1,False,True,True,318,262,1.213740458015267,102,51,76,22,8,1,2,0,0,0,0,0,0,0
0,2,1,True,False,False,1318,3158,0.41735275490816975,2455,311,243,99,33,12,4,0,1,0,0,0,0,0
0,2,1,True,False,True,455,434,1.0483870967741935,187,134,58,33,9,8,5,0,0,0,0,0,0,0
0,2,1,True,True,False,744,1063,0.6999059266227657,717,135,89,78,33,5,3,2,1,0,0,0,0,0
0,2,1,True,True,True,511,338,1.5118343195266273,125,86,40,35,29,16,6,0,1,0,0,0,0,0
0,2,2,False,False,False,362,6294,0.057515093740069904,6031,196,44,15,7,1,0,0,0,0,0,0,0,0
0,2,2,False,False,True,113,540,0.20925925925925926,443,85,9,2,1,0,0,0,0,0,0,0,0,0
0,2,2,False,True,False,294,1355,0.21697416974169742,1160,136,34,14,7,4,0,0,0,0,0,0,0,0
0,2,2,False,True,True,122,352,0.3465909090909091,294,14,28,13,2,1,0,0,0,0,0,0,0,0
0,2,2,True,False,False,481,3131,0.15362503992334717,2863,127,92,32,13,2,2,0,0,0,0,0,0,0
0,2,2,True,False,True,199,572,0.3479020979020979,462,60,26,16,5,1,0,2,0,0,0,0,0,0
0,2,2,True,True,False,334,1299,0.2571208622016936,1124,85,37,37,16,0,0,0,0,0,0,0,0,0
0,2,2,True,True,True,243,427,0.5690866510538641,324,31,33,16,19,2,2,0,0,0,0,0,0,0
1,0,0,False,False,False,7615,14733,0.5168668974411186,10628,2147,1083,489,210,105,45,17,2,5,2,0,0,0
1,0,0,False,False,True,145,103,1.4077669902912622,20,50,17,8,4,3,1,0,0,0,0,0,0,0
1,0,0,False,True,False,1037,907,1.1433296582138919,330,322,140,66,27,11,5,4,2,0,0,0,0,0
1,0,0,False,True,True,390,180,2.1666666666666665,22,44,56,24,18,11,2,2,0,1,0,0,0,0
1,0,0,True,False,False,3303,3450,0.957391304347826,1942,563,485,239,130,48,27,7,4,4,0,0,0,0
1,0,0,True,False,True,537,282,1.9042553191489362,44,104,53,36,25,9,6,3,1,1,0,0,0,0
1,0,0,True,True,False,1246,804,1.5497512437810945,281,188,123,110,59,26,11,4,1,0,0,0,0,0
1,0,0,True,True,True,492,202,2.4356435643564356,24,54,41,31,23,13,10,4,0,2,0,0,0,0
1,0,1,False,False,False,3302,11026,0.2994739706149102,9109,1106,477,192,77,40,18,6,1,0,0,0,0,0
1,0,1,False,False,True,447,460,0.9717391304347827,152,221,53,23,6,3,2,0,0,0,0,0,0,0
1,0,1,False,True,False,1140,1616,0.7054455445544554,969,371,144,78,33,15,3,2,1,0,0,0,0,0
1,0,1,False,True,True,705,453,1.5562913907284768,122,124,117,40,32,12,4,1,1,0,0,0,0,0
1,0,1,True,False,False,2410,4227,0.5701443103856163,3052,451,415,181,81,29,11,5,2,0,0,0,0,0
1,0,1,True,False,True,841,642,1.309968847352025,207,238,78,59,41,13,2,3,1,0,0,0,0,0
1,0,1,True,True,False,1455,1490,0.9765100671140939,852,234,155,148,60,25,11,4,1,0,0,0,0,0
1,0,1,True,True,True,779,475,1.64,155,126,65,46,49,22,7,3,2,0,0,0,0,0
1,0,2,False,False,False,1073,8932,0.12012987012987013,8211,490,149,54,19,7,2,0,0,0,0,0,0,0
1,0,2,False,False,True,354,873,0.4054982817869416,634,158,59,17,1,2,1,1,0,0,0,0,0,0
1,0,2,False,True,False,774,2077,0.3726528647087145,1595,302,106,52,12,5,4,1,0,0,0,0,0,0
1,0,2,False,True,True,405,552,0.7336956521739131,370,39,91,33,12,5,2,0,0,0,0,0,0,0
1,0,2,True,False,False,1090,4407,0.24733378715679602,3819,255,218,79,25,6,3,2,0,0,0,0,0,0
1,0,2,True,False,True,467,920,0.5076086956521739,667,129,67,38,10,5,3,1,0,0,0,0,0,0
1,0,2,True,True,False,945,1867,0.5061596143545796,1411,201,102,95,42,10,5,1,0,0,0,0,0,0
1,0,2,True,True,True,585,630,0.9285714285714286,383,92,59,41,34,13,5,3,0,0,0,0,0,0
1,1,0,False,False,False,7774,16306,0.47675702195510855,12080,2197,1151,514,209,85,43,15,5,5,1,0,0,0
1,1,0,False,False,True,171,120,1.425,21,59,22,10,4,2,2,0,0,0,0,0,0,0
1,1,0,False,True,False,1074,952,1.1281512605042017,359,313,154,80,27,13,3,2,1,0,0,0,0,0
1,1,0,False,True,True,410,198,2.0707070707070705,33,44,61,25,19,9,4,1,1,1,0,0,0,0
1,1,0,True,False,False,2983,3360,0.887797619047619,1995,505,451,215,110,39,28,12,2,2,1,0,0,0
1,1,0,True,False,True,460,253,1.8181818181818181,35,110,42,29,22,8,3,1,1,2,0,0,0,0
1,1,0,True,True,False,1188,830,1.4313253012048193,339,169,124,99,60,24,5,4,3,2,0,0,0,0
1,1,0,True,True,True,461,200,2.305,20,57,44,32,29,9,6,2,0,1,0,0,0,0
1,1,1,False,False,False,2993,11897,0.2515760275699756,10077,1104,439,163,73,24,10,6,1,0,0,0,0,0
1,1,1,False,False,True,424,486,0.8724279835390947,188,225,43,18,6,3,1,2,0,0,0,0,0,0
1,1,1,False,True,False,1066,1627,0.6551936078672403,1029,347,134,64,27,12,9,3,2,0,0,0,0,0
1,1,1,False,True,True,575,422,1.3625592417061612,145,105,104,26,33,5,2,1,1,0,0,0,0,0
1,1,1,True,False,False,2164,4123,0.5248605384428814,3073,398,380,153,77,22,11,9,0,0,0,0,0,0
1,1,1,True,False,True,719,595,1.2084033613445377,212,216,64,59,29,10,4,0,1,0,0,0,0,0
1,1,1,True,True,False,1251,1458,0.8580246913580247,894,217,146,115,53,19,10,2,2,0,0,0,0,0
1,1,1,True,True,True,713,470,1.5170212765957447,174,122,59,33,50,19,12,1,0,0,0,0,0,0
1,1,2,False,False,False,957,9816,0.09749388753056235,9168,437,141,47,18,5,0,0,0,0,0,0,0,0
1,1,2,False,False,True,326,868,0.37557603686635943,649,150,45,17,3,2,1,1,0,0,0,0,0,0
1,1,2,False,True,False,742,2205,0.33650793650793653,1733,303,104,41,16,5,2,1,0,0,0,0,0,0
1,1,2,False,True,True,390,601,0.64891846921797,432,32,82,37,11,3,4,0,0,0,0,0,0,0
1,1,2,True,False,False,860,4315,0.1993047508690614,3840,209,178,62,21,5,0,0,0,0,0,0,0,0
1,1,2,True,False,True,409,879,0.4653014789533561,654,117,61,27,13,5,2,0,0,0,0,0,0,0
1,1,2,True,True,False,755,1837,0.4109961894393032,1467,167,77,83,34,6,2,1,0,0,0,0,0,0
1,1,2,True,True,True,498,618,0.8058252427184466,409,68,60,34,32,10,5,0,0,0,0,0,0,0
1,2,0,False,False,False,6785,16186,0.41918942295811196,12438,2019,954,457,190,77,28,14,5,4,0,0,0,0
1,2,0,False,False,True,182,146,1.2465753424657535,29,74,29,8,4,2,0,0,0,0,0,0,0,0
1,2,0,False,True,False,956,938,1.019189765458422,407,281,138,78,17,9,4,4,0,0,0,0,0,0
1,2,0,False,True,True,391,196,1.9948979591836735,32,50,55,32,13,8,4,0,1,0,0,1,0,0
1,2,0,True,False,False,2678,3291,0.8137344272257673,2061,454,393,217,96,41,14,9,4,1,1,0,0,0
1,2,0,True,False,True,375,232,1.6163793103448276,30,104,46,39,8,1,3,1,0,0,0,0,0,0
1,2,0,True,True,False,1077,780,1.3807692307692307,339,147,126,78,46,27,2,8,6,1,0,0,0,0
1,2,0,True,True,True,418,192,2.1770833333333335,20,66,32,26,33,13,1,1,0,0,0,0,0,0
1,2,1,False,False,False,2589,11863,0.2182415915029925,10300,933,379,160,54,26,6,4,1,0,0,0,0,0
1,2,1,False,False,True,336,435,0.7724137931034483,189,191,32,16,4,2,0,1,0,0,0,0,0,0
1,2,1,False,True,False,1000,1658,0.6031363088057901,1075,343,140,55,25,11,7,1,1,0,0,0,0,0
1,2,1,False,True,True,501,431,1.1624129930394431,170,108,99,33,15,2,3,0,1,0,0,0,0,0
1,2,1,True,False,False,1896,3969,0.47770219198790626,3044,373,296,153,69,19,5,9,1,0,0,0,0,0
1,2,1,True,False,True,586,548,1.0693430656934306,230,182,60,42,17,12,5,0,0,0,0,0,0,0
1,2,1,True,True,False,1110,1399,0.7934238741958541,895,200,122,106,48,17,8,1,2,0,0,0,0,0
1,2,1,True,True,True,667,453,1.4724061810154525,180,106,59,34,41,24,7,1,1,0,0,0,0,0
1,2,2,False,False,False,765,9461,0.08085826022619173,8951,339,113,37,16,5,0,0,0,0,0,0,0,0
1,2,2,False,False,True,237,838,0.2828162291169451,678,115,26,14,1,1,2,1,0,0,0,0,0,0
1,2,2,False,True,False,540,2292,0.2356020942408377,1930,251,67,29,9,5,0,1,0,0,0,0,0,0
1,2,2,False,True,True,315,648,0.4861111111111111,505,32,69,33,3,3,2,1,0,0,0,0,0,0
1,2,2,True,False,False,720,4022,0.1790154152163103,3626,168,153,56,17,2,0,0,0,0,0,0,0,0
1,2,2,True,False,True,250,694,0.36023054755043227,555,70,39,22,6,0,2,0,0,0,0,0,0,0
1,2,2,True,True,False,507,1828,0.2773522975929978,1564,131,58,45,27,1,2,0,0,0,0,0,0,0
1,2,2,True,True,True,393,599,0.656093489148581,434,50,51,29,23,10,2,0,0,0,0,0,0,0
2,0,0,False,False,False,2688,4719,0.5696122059758424,3319,695,376,180,81,44,16,6,0,1,1,0,0,0
2,0,0,False,False,True,47,32,1.46875,8,12,3,7,2,0,0,0,0,0,0,0,0,0
2,0,0,False,True,False,428,344,1.244186046511628,128,114,47,28,14,5,3,3,2,0,0,0,0,0
2,0,0,False,True,True,119,60,1.9833333333333334,8,16,19,9,3,4,1,0,0,0,0,0,0,0
2,0,0,True,False,False,1173,1133,1.0353045013239188,599,207,156,80,58,24,6,0,1,2,0,0,0,0
2,0,0,True,False,True,184,88,2.090909090909091,15,25,18,14,7,5,2,1,0,1,0,0,0,0
2,0,0,True,True,False,445,270,1.6481481481481481,78,71,45,39,25,6,5,1,0,0,0,0,0,0
2,0,0,True,True,True,167,68,2.4558823529411766,11,15,15,7,9,4,4,3,0,0,0,0,0,0
2,0,1,False,False,False,1287,3678,0.34991843393148453,2961,394,182,79,32,18,10,2,0,0,0,0,0,0
2,0,1,False,False,True,199,184,1.0815217391304348,58,85,21,12,5,2,1,0,0,0,0,0,0,0
2,0,1,False,True,False,497,627,0.7926634768740032,350,149,71,35,12,8,1,1,0,0,0,0,0,0
2,0,1,False,True,True,271,173,1.5664739884393064,46,43,49,19,8,7,1,0,0,0,0,0,0,0
2,0,1,True,False,False,886,1378,0.6429608127721336,958,159,137,72,33,13,4,0,2,0,0,0,0,0
2,0,1,True,False,True,266,198,1.3434343434343434,61,79,22,11,18,5,1,1,0,0,0,0,0,0
2,0,1,True,True,False,553,504,1.0972222222222223,265,92,52,51,26,11,4,3,0,0,0,0,0,0
2,0,1,True,True,True,262,149,1.7583892617449663,34,48,27,18,12,5,3,1,1,0,0,0,0,0
2,0,2,False,False,False,414,2912,0.14217032967032966,2642,180,57,19,8,5,1,0,0,0,0,0,0,0
2,0,2,False,False,True,140,320,0.4375,223,66,22,7,1,1,0,0,0,0,0,0,0,0
2,0,2,False,True,False,336,805,0.41739130434782606,606,113,51,24,7,3,1,0,0,0,0,0,0,0
2,0,2,False,True,True,160,217,0.7373271889400922,147,19,27,13,8,2,1,0,0,0,0,0,0,0
2,0,2,True,False,False,463,1400,0.33071428571428574,1166,96,81,36,13,5,1,2,0,0,0,0,0,0
2,0,2,True,False,True,138,272,0.5073529411764706,199,36,18,14,3,1,0,1,0,0,0,0,0,0
2,0,2,True,True,False,405,646,0.6269349845201239,463,70,44,39,22,6,2,0,0,0,0,0,0,0
2,0,2,True,True,True,247,209,1.1818181818181819,99,49,22,18,12,5,1,3,0,0,0,0,0,0
2,1,0,False,False,False,4251,8029,0.5294557230041101,5760,1144,629,287,112,60,26,6,3,2,0,0,0,0
2,1,0,False,False,True,83,56,1.4821428571428572,11,26,8,7,1,2,1,0,0,0,0,0,0,0
2,1,0,False,True,False,623,536,1.162313432835821,206,171,86,40,18,7,4,3,1,0,0,0,0,0
2,1,0,False,True,True,191,95,2.0105263157894737,18,15,36,10,10,3,2,1,0,0,0,0,0,0
2,1,0,True,False,False,1591,1651,0.9636583888552392,925,278,228,102,72,22,17,6,0,1,0,0,0,0
2,1,0,True,False,True,240,124,1.935483870967742,19,47,20,18,10,6,1,2,0,1,0,0,0,0
2,1,0,True,True,False,617,421,1.4655581947743468,167,87,60,53,35,12,5,1,0,0,0,0,0,0
2,1,0,True,True,True,243,100,2.43,13,20,32,12,9,3,7,3,0,1,0,0,0,0
2,1,1,False,False,False,1801,6112,0.29466623036649214,5067,602,260,106,43,20,9,5,0,0,0,0,0,0
2,1,1,False,False,True,281,307,0.9153094462540716,111,143,33,13,4,1,2,0,0,0,0,0,0,0
2,1,1,False,True,False,658,958,0.6868475991649269,588,218,71,49,19,7,3,2,1,0,0,0,0,0
2,1,1,False,True,True,372,261,1.4252873563218391,87,59,68,22,17,6,1,1,0,0,0,0,0,0
2,1,1,True,False,False,1164,2052,0.5672514619883041,1507,193,196,81,49,18,7,0,1,0,0,0,0,0
2,1,1,True,False,True,341,271,1.2583025830258303,98,96,30,20,16,7,3,0,1,0,0,0,0,0
2,1,1,True,True,False,701,743,0.9434724091520862,439,110,78,63,32,11,7,3,0,0,0,0,0,0
2,1,1,True,True,True,368,224,1.6428571428571428,73,58,31,25,21,7,9,0,0,0,0,0,0,0
2,1,2,False,False,False,596,5018,0.118772419290554,4613,274,91,24,12,4,0,0,0,0,0,0,0,0
2,1,2,False,False,True,208,532,0.39097744360902253,384,104,30,12,2,0,0,0,0,0,0,0,0,0
2,1,2,False,True,False,486,1240,0.3919354838709677,945,177,71,30,10,5,2,0,0,0,0,0,0,0
2,1,2,False,True,True,209,376,0.5558510638297872,278,26,44,20,6,1,1,0,0,0,0,0,0,0
2,1,2,True,False,False,536,2110,0.25402843601895736,1824,122,102,44,14,3,0,1,0,0,0,0,0,0
2,1,2,True,False,True,189,422,0.44786729857819907,316,57,29,8,10,2,0,0,0,0,0,0,0,0
2,1,2,True,True,False,488,976,0.5,746,94,57,49,21,6,2,1,0,0,0,0,0,0
2,1,2,True,True,True,266,298,0.8926174496644296,173,58,24,20,18,3,1,1,0,0,0,0,0,0
2,2,0,False,False,False,6318,13696,0.46130257009345793,10253,1792,931,421,175,68,39,13,0,4,0,0,0,0
2,2,0,False,False,True,181,115,1.5739130434782609,17,51,30,8,3,2,4,0,0,0,0,0,0,0
2,2,0,False,True,False,918,828,1.108695652173913,358,227,125,77,19,9,3,9,1,0,0,0,0,0
2,2,0,False,True,True,321,169,1.8994082840236686,35,37,50,21,13,9,4,0,0,0,0,0,0,0
2,2,0,True,False,False,2160,2484,0.8695652173913043,1472,392,325,160,77,31,18,7,1,0,1,0,0,0
2,2,0,True,False,True,341,197,1.7309644670050761,32,80,36,30,8,4,4,2,0,1,0,0,0,0
2,2,0,True,True,False,843,644,1.3090062111801242,291,117,99,65,49,13,6,2,1,0,0,0,0,0
2,2,0,True,True,True,387,173,2.2369942196531793,23,51,37,21,19,11,9,2,0,0,0,0,0,0
2,2,1,False,False,False,2472,10272,0.24065420560747663,8815,854,360,144,58,22,10,8,1,0,0,0,0,0
2,2,1,False,False,True,385,456,0.8442982456140351,183,205,41,19,3,2,2,1,0,0,0,0,0,0
2,2,1,False,True,False,916,1481,0.6185010128291695,976,285,102,83,12,11,10,1,1,0,0,0,0,0
2,2,1,False,True,True,561,426,1.3169014084507042,155,100,99,39,24,6,2,0,1,0,0,0,0,0
2,2,1,True,False,False,1688,3134,0.5386088066368858,2342,286,275,125,74,18,8,5,1,0,0,0,0,0
2,2,1,True,False,True,426,434,0.9815668202764977,191,151,32,34,21,5,0,0,0,0,0,0,0,0
2,2,1,True,True,False,1025,1161,0.8828596037898363,712,163,132,69,57,14,7,5,2,0,0,0,0,0
2,2,1,True,True,True,564,355,1.5887323943661973,127,82,53,32,36,15,9,1,0,0,0,0,0,0
2,2,2,False,False,False,744,8317,0.08945533245160514,7813,338,114,34,14,4,0,0,0,0,0,0,0,0
2,2,2,False,False,True,210,755,0.2781456953642384,615,96,25,16,1,1,0,1,0,0,0,0,0,0
2,2,2,False,True,False,647,2169,0.2982941447671738,1767,250,90,37,19,6,0,0,0,0,0,0,0,0
2,2,2,False,True,True,328,657,0.4992389649923896,503,42,68,36,3,1,3,1,0,0,0,0,0,0
2,2,2,True,False,False,675,3019,0.22358396820139118,2667,132,148,48,17,7,0,0,0,0,0,0,0,0
2,2,2,True,False,True,208,558,0.3727598566308244,440,61,32,19,5,0,1,0,0,0,0,0,0,0
2,2,2,True,True,False,542,1484,0.36522911051212936,1226,109,64,45,32,6,2,0,0,0,0,0,0,0
2,2,2,True,True,True,423,499,0.8476953907815631,322,63,40,33,29,8,3,1,0,0,0,0,0,0
3,0,0,False,False,False,967,1382,0.6997105643994211,919,208,119,70,38,15,7,6,0,0,0,0,0,0
3,0,0,False,False,True,12,8,1.5,1,4,1,2,0,0,0,0,0,0,0,0,0,0
3,0,0,False,True,False,156,119,1.3109243697478992,49,34,12,12,7,1,1,1,2,0,0,0,0,0
3,0,0,False,True,True,50,22,2.272727272727273,2,8,4,3,1,3,1,0,0,0,0,0,0,0
3,0,0,True,False,False,374,330,1.1333333333333333,162,64,46,28,20,8,1,0,1,0,0,0,0,0
3,0,0,True,False,True,62,24,2.5833333333333335,2,7,4,3,4,2,2,0,0,0,0,0,0,0
3,0,0,True,True,False,161,85,1.8941176470588235,14,28,16,15,8,1,2,1,0,0,0,0,0,0
3,0,0,True,True,True,33,14,2.357142857142857,2,5,2,0,3,1,0,1,0,0,0,0,0,0
3,0,1,False,False,False,478,1082,0.4417744916820702,831,118,79,27,18,5,4,0,0,0,0,0,0,0
3,0,1,False,False,True,72,62,1.1612903225806452,22,23,7,6,3,1,0,0,0,0,0,0,0,0
3,0,1,False,True,False,194,216,0.8981481481481481,113,47,35,11,6,4,0,0,0,0,0,0,0,0
3,0,1,False,True,True,107,65,1.646153846153846,16,18,15,8,5,3,0,0,0,0,0,0,0,0
3,0,1,True,False,False,324,417,0.7769784172661871,264,65,36,35,9,4,3,0,1,0,0,0,0,0
3,0,1,True,False,True,99,58,1.706896551724138,15,21,6,4,8,3,0,1,0,0,0,0,0,0
3,0,1,True,True,False,191,150,1.2733333333333334,63,37,18,17,10,4,0,1,0,0,0,0,0,0
3,0,1,True,True,True,66,35,1.8857142857142857,6,12,9,2,2,3,0,1,0,0,0,0,0,0
3,0,2,False,False,False,176,865,0.20346820809248556,764,55,29,10,3,3,1,0,0,0,0,0,0,0
3,0,2,False,False,True,54,105,0.5142857142857142,69,22,10,4,0,0,0,0,0,0,0,0,0,0
3,0,2,False,True,False,139,280,0.49642857142857144,203,39,21,11,5,1,0,0,0,0,0,0,0,0
3,0,2,False,True,True,59,64,0.921875,37,9,10,3,4,1,0,0,0,0,0,0,0,0
3,0,2,True,False,False,162,416,0.3894230769230769,340,34,20,10,5,5,1,1,0,0,0,0,0,0
3,0,2,True,False,True,47,79,0.5949367088607594,56,9,7,5,1,1,0,0,0,0,0,0,0,0
3,0,2,True,True,False,156,181,0.861878453038674,119,16,16,15,12,3,0,0,0,0,0,0,0,0
3,0,2,True,True,True,126,77,1.6363636363636365,21,29,9,6,4,5,1,2,0,0,0,0,0,0
3,1,0,False,False,False,2013,3159,0.6372269705603039,2150,471,286,131,66,32,12,8,2,1,0,0,0,0
3,1,0,False,False,True,42,29,1.4482758620689655,3,16,4,6,0,0,0,0,0,0,0,0,0,0
3,1,0,False,True,False,362,275,1.3163636363636364,97,83,48,23,13,5,5,1,0,0,0,0,0,0
3,1,0,False,True,True,101,45,2.2444444444444445,4,10,16,7,4,3,0,1,0,0,0,0,0,0
3,1,0,True,False,False,679,657,1.0334855403348555,357,110,93,40,36,12,6,2,0,1,0,0,0,0
3,1,0,True,False,True,116,56,2.0714285714285716,10,16,10,9,5,4,1,1,0,0,0,0,0,0
3,1,0,True,True,False,294,171,1.719298245614035,48,39,32,28,16,6,1,1,0,0,0,0,0,0
3,1,0,True,True,True,76,32,2.375,3,9,10,2,4,1,1,2,0,0,0,0,0,0
3,1,1,False,False,False,918,2435,0.37700205338809034,1933,259,137,64,25,10,6,1,0,0,0,0,0,0
3,1,1,False,False,True,134,140,0.9571428571428572,50,65,15,4,4,1,1,0,0,0,0,0,0,0
3,1,1,False,True,False,391,466,0.8390557939914163,261,100,58,26,13,5,1,2,0,0,0,0,0,0
3,1,1,False,True,True,184,117,1.5726495726495726,34,28,32,6,13,3,0,1,0,0,0,0,0,0
3,1,1,True,False,False,544,810,0.671604938271605,558,93,77,48,22,9,2,0,1,0,0,0,0,0
3,1,1,True,False,True,168,90,1.8666666666666667,21,33,7,10,10,5,3,0,1,0,0,0,0,0
3,1,1,True,True,False,309,270,1.1444444444444444,144,47,23,27,16,8,4,1,0,0,0,0,0,0
3,1,1,True,True,True,124,66,1.878787878787879,13,20,14,7,6,5,1,0,0,0,0,0,0,0
3,1,2,False,False,False,331,2046,0.16177908113391984,1829,139,53,17,6,1,1,0,0,0,0,0,0,0
3,1,2,False,False,True,103,242,0.4256198347107438,169,51,16,4,2,0,0,0,0,0,0,0,0,0
3,1,2,False,True,False,280,588,0.47619047619047616,438,73,44,19,10,2,2,0,0,0,0,0,0,0
3,1,2,False,True,True,94,163,0.5766871165644172,115,18,19,7,3,1,0,0,0,0,0,0,0,0
3,1,2,True,False,False,241,836,0.28827751196172247,709,61,38,16,7,3,1,1,0,0,0,0,0,0
3,1,2,True,False,True,104,177,0.5875706214689266,121,26,19,5,5,1,0,0,0,0,0,0,0,0
3,1,2,True,True,False,287,447,0.6420581655480985,325,40,30,29,16,6,1,0,0,0,0,0,0,0
3,1,2,True,True,True,167,137,1.218978102189781,52,47,14,11,8,4,0,1,0,0,0,0,0,0
3,2,0,False,False,False,4454,7956,0.5598290598290598,5688,1059,628,356,126,49,37,7,3,3,0,0,0,0
3,2,0,False,False,True,105,70,1.5,12,33,10,10,3,2,0,0,0,0,0,0,0,0
3,2,0,False,True,False,673,581,1.1583476764199656,241,168,87,46,17,13,3,6,0,0,0,0,0,0
3,2,0,False,True,True,214,101,2.118811881188119,21,21,21,17,12,4,3,2,0,0,0,0,0,0
3,2,0,True,False,False,1479,1375,1.0756363636363637,744,215,200,99,66,26,13,6,2,3,1,0,0,0
3,2,0,True,False,True,212,131,1.618320610687023,27,51,22,17,7,5,1,1,0,0,0,0,0,0
3,2,0,True,True,False,516,337,1.5311572700296736,135,61,52,37,37,8,4,2,0,0,0,0,0,0
3,2,0,True,True,True,238,104,2.2884615384615383,5,29,33,16,15,3,1,2,0,0,0,0,0,0
3,2,1,False,False,False,2023,6269,0.3226989950550327,5156,570,334,116,58,15,11,8,1,0,0,0,0,0
3,2,1,False,False,True,283,311,0.909967845659164,120,134,37,14,1,3,1,0,1,0,0,0,0,0
3,2,1,False,True,False,704,1035,0.6801932367149759,661,202,77,56,23,11,3,1,1,0,0,0,0,0
3,2,1,False,True,True,348,267,1.303370786516854,107,61,56,17,16,3,5,1,1,0,0,0,0,0
3,2,1,True,False,False,1149,1753,0.6554478037649744,1218,186,187,82,62,14,3,1,0,0,0,0,0,0
3,2,1,True,False,True,280,213,1.3145539906103287,79,76,17,14,14,10,1,0,2,0,0,0,0,0
3,2,1,True,True,False,742,664,1.1174698795180722,357,108,81,44,51,10,8,2,3,0,0,0,0,0
3,2,1,True,True,True,388,205,1.8926829268292682,44,67,28,25,23,10,8,0,0,0,0,0,0,0
3,2,2,False,False,False,616,5050,0.12198019801980198,4643,266,90,38,9,4,0,0,0,0,0,0,0,0
3,2,2,False,False,True,219,574,0.38153310104529614,446,91,13,13,4,1,0,6,0,0,0,0,0,0
3,2,2,False,True,False,522,1497,0.3486973947895792,1193,169,83,31,14,4,3,0,0,0,0,0,0,0
3,2,2,False,True,True,287,437,0.6567505720823799,313,32,47,30,9,1,5,0,0,0,0,0,0,0
3,2,2,True,False,False,482,1782,0.27048260381593714,1527,118,78,36,17,5,0,1,0,0,0,0,0,0
3,2,2,True,False,True,175,331,0.5287009063444109,238,41,36,4,11,0,1,0,0,0,0,0,0,0
3,2,2,True,True,False,470,969,0.4850361197110423,769,67,45,47,35,4,2,0,0,0,0,0,0,0
3,2,2,True,True,True,324,307,1.0553745928338762,139,88,37,18,19,5,0,1,0,0,0,0,0,0
